1,Clínica Para Gatos - Veterinaria Experta en Gatos,https://doctoracats.com.mx/?gclid=Cj0KCQjwyMiTBhDKARIsAAJ-9VtykB1ve6qdC3ziPSPk21WG-YtltvQ17SnLaNdkCqeIT1OAfcsJ0dMaAjf2EALw_wcB
2,Hospital para Gatos - Hospital Veterinario Delta,https://hospitalveterinariodelta.com.mx/hospital-para-gatos/
3,Centro Veterinario Felino. Servicio de mascotas,http://www.centroveterinariofelino.com.mx/
4,CEMEGATOS - cemegatos.com.mx,https://cemegatos.com.mx/
5,Hospital Veterinario de la Ciudad de México. - AGATAN CDMX,https://agatan.cdmx.gob.mx/agatanhv
6,Baño para Perro a Domicilio | CDMX - Petzer,https://petzer.mx/collections/bano-perros-gatos-domicilio-cdmx
7,"Estética canina móvil a domicilio CDMX, PetCare DF",https://www.petcaredf.com/estetica-canina-movil.html
8,Servicio De Baño De Mascotas A Domicilio,https://pulgososesteticacanina.com.mx/servicio-de-bano-de-mascotas-a-domicilio
9,Servicio a Domicilio / Unidad Móvil - El Palacio de las …,http://www.elpalaciodelasmascotas.com/serviciodomicilio.html
10,Estetica - Ruffus & Mila,https://www.ruffusandmila.com/estetica
11,Servicios para fiestas y eventos | IMITI,https://imiti.com.mx/servicios/
12,Todo para la fiesta – Eventos BTL,https://www.todoparalafiesta.com.mx/
13,Servicios Come Play Salones de Fiestas Infantiles,https://www.comeplay.com.mx/servicios-salon-de-fiestas-infatiles.html
14,Servicios de decoración de fiestas - Globofiesta,https://globofiesta.com/servicios/
15,Servicios para Fiestas y Eventos Hipo - Banquetes.mx,https://www.banquetes.mx/empresas/servicios-para-fiestas-y-eventos-hipo
16,Tienda en Línea - Ropa Primavera/Verano,https://mx.benetton.com/?gclid=Cj0KCQjwyMiTBhDKARIsAAJ-9Vu0pXLokOTjH3MrgSYw6mIiBO64Tk6tZOARlmUjrclZRcfRKRtjMYYaAuIpEALw_wcB&gclsrc=aw.ds
17,Acapella Store - Tienda de Ropa Online,https://acapella.co/?epaRT=14003293372&gclid=Cj0KCQjwyMiTBhDKARIsAAJ-9Vvpn9hqnD-ieYdfDuUlywVW_5aI--I8nNRfTO0QaX3gVmtqPRBBaWkaAjXaEALw_wcB
18,comprar ropa - SHEIN - Sitio oficial SHEIN,https://www.shein.com.mx/hotsale/Best-Selling-Clothing-sc-00301507.html?url_from=mxadgs18_srsa_Ropa01_20210126&gclid=Cj0KCQjwyMiTBhDKARIsAAJ-9VvLAIdhDFj5JYi9xXC1r7Wj2VHg6mRsxJKj-TJTI82PXweYKg5FrD0aAoJzEALw_wcB
19,Studio F - Ropa con Estilo,https://www.studiofmexico.com/ropa?O=OrderByReleaseDateDESC&gclid=Cj0KCQjwyMiTBhDKARIsAAJ-9Vs-TFRyLdTmJtvF5TbtlLdXt4biCGRB_UEdVnExB1XxmwUum1Xx-dkaAsaJEALw_wcB
20,"C&A México | Tienda De Ropa, Calzado Y Accesorios - C&A …",https://www.cyamoda.com/
21,EnviaFlores.com® - Envio Flores,https://www.enviaflores.com/?utm_source=google&utm_medium=cpc&utm_campaign=edomex_general&utm_term=btsimilares&gclid=Cj0KCQjwyMiTBhDKARIsAAJ-9VvyTCfgpGYg7981R4CRZk-mjBm-VfFhmLx4HMLM6tCR7BwhqEOllqEaAk5HEALw_wcB
22,Guapa con Flores - Flores a domicilio,https://www.guapaconflores.com/collections/flores-a-domicilio?gclid=Cj0KCQjwyMiTBhDKARIsAAJ-9Vs60X9vdO49cz3WUtptFq-C3BbB766doTCID30elbRbD_6p-yDf0FEaAocVEALw_wcB
23,Flores cumpleaños - Flores y dulces en un clic,https://www.acentofloral.com.mx/?gclid=Cj0KCQjwyMiTBhDKARIsAAJ-9VvBgF4sBjLqympXFOzCc8qfydI6-AKgBVg2LwH-SOGgfRFohyh7WbwaAsvlEALw_wcB
24,Floreria Ciudad de Mexico - Menta Flores,https://mentaflores.com/collections/flores?gclid=Cj0KCQjwyMiTBhDKARIsAAJ-9Vs2NHddJp5IN08E7-yL2_FTnKPBtv2Ll_51UPUPqoBzLQZC2N5WCigaAtp2EALw_wcB
25,Flores de México | Envío de flores y regalos a domicilio,https://floresdemexico.com/
